entity_id,entity_name
0,person47
1,person77
2,person90
3,person19
4,person55
5,person87
6,person32
7,person27
8,person50
9,person44
10,person69
11,person79
12,person57
13,person88
14,person52
15,person74
16,person46
17,person80
18,person14
19,person45
20,person7
21,person94
22,person60
23,person41
24,person56
25,person4
26,person26
27,person23
28,person6
29,person82
30,person42
31,person100
32,person73
33,person64
34,person101
35,person11
36,person35
37,person92
38,person61
39,person36
40,person67
41,person17
42,person76
43,person91
44,person53
45,person1
46,person29
47,person102
48,person83
49,person30
50,person12
51,person98
52,person66
53,person39
54,person25
55,person20
56,person96
57,person81
58,person86
59,person84
60,person33
61,person70
62,person40
63,person95
64,person85
65,person58
66,person103
67,person18
68,person71
69,person34
70,person48
71,person97
72,person99
73,person49
74,person24
75,person59
76,person10
77,person28
78,person75
79,person65
80,person38
81,person51
82,person63
83,person43
84,person2
85,person8
86,person62
87,person5
88,person16
89,person31
90,person89
91,person9
92,person54
93,person0
94,person3
95,person15
96,person93
97,person22
98,person13
99,person21
100,person72
101,person37
102,person68
103,person78
